[{"model": "polls.question", "pk": 1, "fields": {"question_text": "Какие конфеты ты любишь?", "pub_date": "2024-11-18T20:03:45Z"}}, {"model": "polls.question", "pk": 2, "fields": {"question_text": "Какой ты фрукт", "pub_date": "2024-11-18T20:04:18Z"}}, {"model": "polls.choice", "pk": 1, "fields": {"question": 1, "choice_text": "Шоколадные", "votes": 3}}, {"model": "polls.choice", "pk": 2, "fields": {"question": 1, "choice_text": "молочные", "votes": 0}}, {"model": "polls.choice", "pk": 3, "fields": {"question": 1, "choice_text": "кокосовые", "votes": 1}}, {"model": "polls.choice", "pk": 4, "fields": {"question": 2, "choice_text": "яблоко", "votes": 1}}, {"model": "polls.choice", "pk": 5, "fields": {"question": 2, "choice_text": "вишня", "votes": 0}}, {"model": "polls.choice", "pk": 6, "fields": {"question": 2, "choice_text": "ОЛЕГ", "votes": 5}}, {"model": "admin.logentry", "pk": 1, "fields": {"action_time": "2024-11-18T20:03:46.837Z", "user": 1, "content_type": 1, "object_id": "1", "object_repr": "Какие конфеты ты любишь?", "action_flag": 1, "change_message": "[{\"added\": {}}, {\"added\": {\"name\": \"\\u0412\\u0430\\u0440\\u0438\\u0430\\u043d\\u0442\", \"object\": \"Choice object (1)\"}}, {\"added\": {\"name\": \"\\u0412\\u0430\\u0440\\u0438\\u0430\\u043d\\u0442\", \"object\": \"Choice object (2)\"}}, {\"added\": {\"name\": \"\\u0412\\u0430\\u0440\\u0438\\u0430\\u043d\\u0442\", \"object\": \"Choice object (3)\"}}]"}}, {"model": "admin.logentry", "pk": 2, "fields": {"action_time": "2024-11-18T20:04:20.004Z", "user": 1, "content_type": 1, "object_id": "2", "object_repr": "Какой ты фрукт", "action_flag": 1, "change_message": "[{\"added\": {}}, {\"added\": {\"name\": \"\\u0412\\u0430\\u0440\\u0438\\u0430\\u043d\\u0442\", \"object\": \"Choice object (4)\"}}, {\"added\": {\"name\": \"\\u0412\\u0430\\u0440\\u0438\\u0430\\u043d\\u0442\", \"object\": \"Choice object (5)\"}}, {\"added\": {\"name\": \"\\u0412\\u0430\\u0440\\u0438\\u0430\\u043d\\u0442\", \"object\": \"Choice object (6)\"}}]"}}, {"model": "auth.permission", "pk": 1, "fields": {"name": "Can add Вопрос", "content_type": 1, "codename": "add_question"}}, {"model": "auth.permission", "pk": 2, "fields": {"name": "Can change Вопрос", "content_type": 1, "codename": "change_question"}}, {"model": "auth.permission", "pk": 3, "fields": {"name": "Can delete Вопрос", "content_type": 1, "codename": "delete_question"}}, {"model": "auth.permission", "pk": 4, "fields": {"name": "Can view Вопрос", "content_type": 1, "codename": "view_question"}}, {"model": "auth.permission", "pk": 5, "fields": {"name": "Can add Вариант", "content_type": 2, "codename": "add_choice"}}, {"model": "auth.permission", "pk": 6, "fields": {"name": "Can change Вариант", "content_type": 2, "codename": "change_choice"}}, {"model": "auth.permission", "pk": 7, "fields": {"name": "Can delete Вариант", "content_type": 2, "codename": "delete_choice"}}, {"model": "auth.permission", "pk": 8, "fields": {"name": "Can view Вариант", "content_type": 2, "codename": "view_choice"}}, {"model": "auth.permission", "pk": 9, "fields": {"name": "Can add log entry", "content_type": 3, "codename": "add_logentry"}}, {"model": "auth.permission", "pk": 10, "fields": {"name": "Can change log entry", "content_type": 3, "codename": "change_logentry"}}, {"model": "auth.permission", "pk": 11, "fields": {"name": "Can delete log entry", "content_type": 3, "codename": "delete_logentry"}}, {"model": "auth.permission", "pk": 12, "fields": {"name": "Can view log entry", "content_type": 3, "codename": "view_logentry"}}, {"model": "auth.permission", "pk": 13, "fields": {"name": "Can add permission", "content_type": 4, "codename": "add_permission"}}, {"model": "auth.permission", "pk": 14, "fields": {"name": "Can change permission", "content_type": 4, "codename": "change_permission"}}, {"model": "auth.permission", "pk": 15, "fields": {"name": "Can delete permission", "content_type": 4, "codename": "delete_permission"}}, {"model": "auth.permission", "pk": 16, "fields": {"name": "Can view permission", "content_type": 4, "codename": "view_permission"}}, {"model": "auth.permission", "pk": 17, "fields": {"name": "Can add group", "content_type": 5, "codename": "add_group"}}, {"model": "auth.permission", "pk": 18, "fields": {"name": "Can change group", "content_type": 5, "codename": "change_group"}}, {"model": "auth.permission", "pk": 19, "fields": {"name": "Can delete group", "content_type": 5, "codename": "delete_group"}}, {"model": "auth.permission", "pk": 20, "fields": {"name": "Can view group", "content_type": 5, "codename": "view_group"}}, {"model": "auth.permission", "pk": 21, "fields": {"name": "Can add user", "content_type": 6, "codename": "add_user"}}, {"model": "auth.permission", "pk": 22, "fields": {"name": "Can change user", "content_type": 6, "codename": "change_user"}}, {"model": "auth.permission", "pk": 23, "fields": {"name": "Can delete user", "content_type": 6, "codename": "delete_user"}}, {"model": "auth.permission", "pk": 24, "fields": {"name": "Can view user", "content_type": 6, "codename": "view_user"}}, {"model": "auth.permission", "pk": 25, "fields": {"name": "Can add content type", "content_type": 7, "codename": "add_contenttype"}}, {"model": "auth.permission", "pk": 26, "fields": {"name": "Can change content type", "content_type": 7, "codename": "change_contenttype"}}, {"model": "auth.permission", "pk": 27, "fields": {"name": "Can delete content type", "content_type": 7, "codename": "delete_contenttype"}}, {"model": "auth.permission", "pk": 28, "fields": {"name": "Can view content type", "content_type": 7, "codename": "view_contenttype"}}, {"model": "auth.permission", "pk": 29, "fields": {"name": "Can add session", "content_type": 8, "codename": "add_session"}}, {"model": "auth.permission", "pk": 30, "fields": {"name": "Can change session", "content_type": 8, "codename": "change_session"}}, {"model": "auth.permission", "pk": 31, "fields": {"name": "Can delete session", "content_type": 8, "codename": "delete_session"}}, {"model": "auth.permission", "pk": 32, "fields": {"name": "Can view session", "content_type": 8, "codename": "view_session"}}, {"model": "auth.user", "pk": 1, "fields": {"password": "pbkdf2_sha256$260000$yLON5i86OYCEMZ3U62IzUa$tomt6xOj+bdSeDoNImGCUOm+Mz4J1RW8O7XUCLDjCQs=", "last_login": "2024-11-18T20:03:14.623Z", "is_superuser": true, "username": "diana", "first_name": "", "last_name": "", "email": "fer@vf.ru", "is_staff": true, "is_active": true, "date_joined": "2024-11-18T20:02:52.492Z", "groups": [], "user_permissions": []}}, {"model": "contenttypes.contenttype", "pk": 1, "fields": {"app_label": "polls", "model": "question"}}, {"model": "contenttypes.contenttype", "pk": 2, "fields": {"app_label": "polls", "model": "choice"}}, {"model": "contenttypes.contenttype", "pk": 3, "fields": {"app_label": "admin", "model": "logentry"}}, {"model": "contenttypes.contenttype", "pk": 4, "fields": {"app_label": "auth", "model": "permission"}}, {"model": "contenttypes.contenttype", "pk": 5, "fields": {"app_label": "auth", "model": "group"}}, {"model": "contenttypes.contenttype", "pk": 6, "fields": {"app_label": "auth", "model": "user"}}, {"model": "contenttypes.contenttype", "pk": 7, "fields": {"app_label": "contenttypes", "model": "contenttype"}}, {"model": "contenttypes.contenttype", "pk": 8, "fields": {"app_label": "sessions", "model": "session"}}, {"model": "sessions.session", "pk": "3rfmvn6kci28l13igaawx698kptmx22k", "fields": {"session_data": ".eJxVjEEOwiAQRe_C2pBhSofi0r1nIEMHpWogKe3KeHfbpAvd_vfef6vA65LD2tIcJlFnZdTpd4s8PlPZgTy43Ksea1nmKepd0Qdt-lolvS6H-3eQueWtdmjJcu8Nu5swWAfoqDOcgIUowpBocI77RGi8B8SOcNNMZBTCEdTnC7bRNpY:1tD7xq:h-n_9uiZ-IvzTZ_o29oaIgRFPLx0K6Mrz98WmFPd65Y", "expire_date": "2024-12-02T20:03:14.624Z"}}]